<?xml version="1.0" encoding="UTF-8"?>
<project-private xmlns="http://www.netbeans.org/ns/project-private/1">
    <editor-bookmarks xmlns="http://www.netbeans.org/ns/editor-bookmarks/2" lastBookmarkId="0"/>
    <open-files xmlns="http://www.netbeans.org/ns/projectui-open-files/2">
        <group>
            <file>file:/C:/Users/danya/Downloads/Proyecto%20parte%20II_Gestion%20de%20citas%20(2)%20(1)/Proyecto%20parte%20II_Gestion%20de%20citas/Proyecto%20parte%20II_Gestion%20de%20citas/AgendaHospital_4/AgendaHospital_4/src/vista/Menu.java</file>
            <file>file:/C:/Users/danya/Downloads/Proyecto%20parte%20II_Gestion%20de%20citas%20(2)%20(1)/Proyecto%20parte%20II_Gestion%20de%20citas/Proyecto%20parte%20II_Gestion%20de%20citas/AgendaHospital_4/AgendaHospital_4/src/cod/Conexion.java</file>
            <file>file:/C:/Users/danya/Downloads/Proyecto%20parte%20II_Gestion%20de%20citas%20(2)%20(1)/Proyecto%20parte%20II_Gestion%20de%20citas/Proyecto%20parte%20II_Gestion%20de%20citas/AgendaHospital_4/AgendaHospital_4/src/cod/medico.java</file>
        </group>
    </open-files>
</project-private>
